iZ,θini
1.0,0.2339999961853027
2.0,0.22343375740054702
3.0,0.09354166538945238
4.0,0.06804037576624544
