iZ,θini,Layer
1.0,0.2339999961853027,1.0
2.0,0.22343375740054702,2.0
3.0,0.09354166538945238,3.0
4.0,0.06804037576624544,4.0
