Id,WofBest,RmseBest,Efficiency,Global_WaterBalance,Global_WaterBalance_NormPr,ΔT_Average,∑∑ΔSink,∑ΔQ_Bot,SwcRoots,iNonConverge,ΔRunTimeHypix
1.0,0.0,0.01028605640870366,365.0,0.024735516495468346,0.00667257506760663,3485.0,362.3147072607724,15.428476067596723,331.13001083112323,0.0,48.951
2.0,0.0,0.014920278664613639,364.0,0.03155750346809327,0.008512852799159712,3477.0,374.5620589500305,6.707336614656787,339.8436975918642,0.0,81.388
