Id,WofBest,RmseBest,Efficiency,Global_WaterBalance,Global_WaterBalance_NormPr,ΔT_Average,∑∑ΔSink,∑ΔQ_Bot,SwcRoots,iNonConverge,ΔRunTimeHypix
1.0,0.0,0.008692775782660006,246.0,6.687365005987914,1.4472760135571996,3599.0,255.32303599431154,175.37736098243636,361.27951873651466,24.0,103.044
2.0,0.0,0.008692775782660006,246.0,6.687365005987914,1.4472760135571996,3599.0,255.32303599431154,175.37736098243636,361.27951873651466,24.0,250.066
