iZ,θini
1.0,0.38200000762939446
2.0,0.29248987880799515
3.0,0.2871112308651693
4.0,0.4036412960669557
