iZ,Z,θini,Layer
1,100,0.3820000076293945,1
2,340,0.35035053216951206,2
3,1500,0.3119397489228799,3
