iZ,θini,Layer
1.0,0.3820000076293945,1.0
2.0,0.35035053216951206,2.0
3.0,0.3119397489228799,3.0
