iZ,Z,θini,Layer
1,100,0.201,1
2,350,0.24214504519246022,2
3,1500,0.21917003711177507,3
