iZ,θini,Layer
1.0,0.201,1.0
2.0,0.24214504519246022,2.0
3.0,0.21917003711177507,3.0
