iZ,θini,Layer
1.0,0.35700000762939454,1.0
2.0,0.32889782363234044,2.0
3.0,0.20574003540087016,3.0
4.0,0.13276242715820588,4.0
