iZ,Z,θini,Layer
1,100,0.3220000076293945,1
2,350,0.3099943677869955,2
3,1000,0.19282423735771345,3
4,1500,0.12034394931792852,4
