iZ,Z,θini,Layer
1,100,0.35700000762939454,1
2,350,0.32889782363234044,2
3,1000,0.20574003540087016,3
4,1500,0.13276242715820588,4
