iZ,Z,θini,Layer
1,100,0.3089999961853027,1
2,350,0.19258831676852647,2
3,1000,0.12852761929090636,3
4,1020,0.08956288917231744,4
