iZ,Z,θini,Layer
1,100,0.39099998474121095,1
2,350,0.24779530810693254,2
3,1000,0.16085099155732313,3
4,1020,0.11242444784078229,4
