iZ,θini,Layer
1.0,0.3089999961853027,1.0
2.0,0.19258831676852647,2.0
3.0,0.12852761929090636,3.0
4.0,0.08956288917231744,4.0
