iZ,θini
1.0,0.201
2.0,0.20693972942734473
3.0,0.20441888197454314
