iZ,θini
1.0,0.35700000762939454
2.0,0.3887842844043663
3.0,0.3820161015719218
