iZ,θini,Layer
1.0,0.35700000762939454,1.0
2.0,0.3887842844043663,2.0
3.0,0.3820161015719218,3.0
