iZ,θini,Layer
1.0,0.28899999618530275,1.0
2.0,0.2794084809931191,2.0
3.0,0.1355842760189203,3.0
4.0,0.10340711551353203,4.0
