iZ,Z,θini,Layer
1,100,0.317,1
2,350,0.2974707483534961,2
3,1000,0.14383856375995366,3
4,1500,0.11221689390179324,4
