iZ,Z,θini,Layer
1,100,0.28899999618530275,1
2,350,0.2794084809931191,2
3,1000,0.1355842760189203,3
4,1500,0.10340711551353203,4
