iZ,θini,Layer
1.0,0.3290000152587891,1.0
2.0,0.3052117288679016,2.0
3.0,0.14737611966524403,3.0
4.0,0.11599251749760836,4.0
