iZ,Z,θini,Layer
1,100,0.3290000152587891,1
2,350,0.3052117288679016,2
3,1000,0.14737611966524403,3
4,1500,0.11599251749760836,4
