iZ,θini,Layer
1.0,0.317,1.0
2.0,0.2974707483534961,2.0
3.0,0.14383856375995366,3.0
4.0,0.11221689390179324,4.0
