iZ,Z,θini,Layer
1,100,0.201,1
2,350,0.20693972942734473,2
3,1500,0.20441888197454314,3
