iZ,θini,Layer
1.0,0.201,1.0
2.0,0.20693972942734473,2.0
3.0,0.20441888197454314,3.0
