iZ,θini,Layer
1.0,0.05,1.0
2.0,0.06790583463039512,2.0
3.0,0.06505591619276908,3.0
