iZ,Z,θini,Layer
1,100,0.05,1
2,350,0.06790583463039512,2
3,1500,0.06505591619276908,3
