Id,θs,θr,Ks,Ψm,σ,θsMacMat_ƞ,σMac,ΨmMac,So,θsMacMat,Φ,Nse,Nse_θΨ,Nse_KΨ
1.0,0.5327100102838496,0.19516097461463264,0.01240477312826975,340022.1645899598,2.7921886082575043,0.7581888383446319,0.7675,10.0,0.0,0.4038947838716688,0.0,0.0,0.0,0.0
2.0,0.5327100102838496,0.19516097461463264,0.01240477312826975,340022.1645899598,2.7921886082575043,0.7581888383446319,0.7675,10.0,0.0,0.4038947838716688,0.0,0.0,0.0,0.0
3.0,0.5327100102838496,0.19516097461463264,0.01240477312826975,340022.1645899598,2.7921886082575043,0.7581888383446319,0.7675,10.0,0.0,0.4038947838716688,0.0,0.0,0.0,0.0
4.0,0.5327100102838496,0.19516097461463264,0.01240477312826975,340022.1645899598,2.7921886082575043,0.7581888383446319,0.7675,10.0,0.0,0.4038947838716688,0.0,0.0,0.0,0.0
