iZ,Z,θini,Layer
1,100,0.534,1
2,350,0.5113187584317612,2
3,1500,0.13936231170471627,3
