iZ,θini,Layer
1.0,0.534,1.0
2.0,0.5113187584317612,2.0
3.0,0.13936231170471627,3.0
