iZ,Z,θini,Layer
1,100,0.65,1
2,350,0.6176840626741875,2
3,1500,0.16871929242115102,3
