iZ,Z,θini,Layer
1,100,0.23399999618530273,1
2,350,0.22343375740054702,2
3,1000,0.09354166538945238,3
4,1500,0.06804037576624544,4
