iZ,Z,θini,Layer
1,100,0.4640000152587891,1
2,350,0.4248062142074589,2
3,1000,0.35371048979474307,3
4,1500,0.203527563173474,4
