iZ,Z,θini,Layer
1,100,0.455,1
2,350,0.41822481219692226,2
3,1000,0.3498419329436866,3
4,1500,0.199770227212874,4
