iZ,θini,Layer
1.0,0.455,1.0
2.0,0.41822481219692226,2.0
3.0,0.3498419329436866,3.0
4.0,0.199770227212874,4.0
