Id,θs,θr,Ks,Ψm,σ,θsMacMat_ƞ,σMac,ΨmMac,So,θsMacMat,Φ,Nse,Nse_θΨ,Nse_KΨ
1.0,0.45473966190739945,0.1649188778914784,0.00022870632014407264,106032.8444008888,2.3352228489572076,0.8746368128781757,0.7675,10.0,0.0,0.397732048579987,0.0,0.0,0.0,0.0
2.0,0.45473966190739945,0.1649188778914784,0.00022870632014407264,106032.8444008888,2.3352228489572076,0.8746368128781757,0.7675,10.0,0.0,0.397732048579987,0.0,0.0,0.0,0.0
3.0,0.45473966190739945,0.1649188778914784,0.00022870632014407264,106032.8444008888,2.3352228489572076,0.8746368128781757,0.7675,10.0,0.0,0.397732048579987,0.0,0.0,0.0,0.0
4.0,0.45473966190739945,0.1649188778914784,0.00022870632014407264,106032.8444008888,2.3352228489572076,0.8746368128781757,0.7675,10.0,0.0,0.397732048579987,0.0,0.0,0.0,0.0
