iZ,Z,θini,Layer
1,100,0.3220000076293945,1
2,350,0.24654906114438627,2
3,1000,0.24201523195666022,3
4,1500,0.3716557527944403,4
