iZ,Z,θini,Layer
1,100,0.3820000076293945,1
2,350,0.29248987880799515,2
3,1000,0.2871112308651693,3
4,1500,0.4036412960669557,4
