iZ,θini,Layer
1.0,0.3220000076293945,1.0
2.0,0.24654906114438627,2.0
3.0,0.24201523195666022,3.0
4.0,0.3716557527944403,4.0
