iZ,θini,Layer
1.0,0.3820000076293945,1.0
2.0,0.29248987880799515,2.0
3.0,0.2871112308651693,3.0
4.0,0.4036412960669557,4.0
