iZ,θini,Layer
1.0,0.22299999237060547,1.0
2.0,0.25615397951936114,2.0
3.0,0.2433847009925119,3.0
4.0,0.07829266280532526,4.0
