iZ,θini
1.0,0.12899999618530272
2.0,0.19603456731326688
3.0,0.20257471099961152
4.0,0.023278690505410825
