iZ,θini,Layer
1.0,0.32599998474121095,1.0
2.0,0.3048373741776278,2.0
3.0,0.2806923352208438,3.0
