iZ,Z,θini,Layer
1,100,0.32599998474121095,1
2,350,0.3048373741776278,2
3,1500,0.2806923352208438,3
