iZ,θini
1.0,0.4640000152587891
2.0,0.4248062142074589
3.0,0.35371048979474307
4.0,0.203527563173474
