iZ,θini,Layer
1.0,0.4640000152587891,1.0
2.0,0.4248062142074589,2.0
3.0,0.35371048979474307,3.0
4.0,0.203527563173474,4.0
