iZ,θini
1.0,0.155
2.0,0.1827553452620952
3.0,0.18404822643673183
4.0,0.07021112680043849
