iZ,θini,Layer
1.0,0.155,1.0
2.0,0.1827553452620952,2.0
3.0,0.18404822643673183,3.0
4.0,0.07021112680043849,4.0
