iZ,Z,θini,Layer
1,100,0.47,1
2,350,0.4100773055816224,2
3,1000,0.22006579518772854,3
4,1500,0.21230514455145397,4
