iZ,Z,θini,Layer
1,100,0.381,1
2,350,0.33428303392193665,2
3,1000,0.18361263602400288,3
4,1500,0.17419499205712557,4
