iZ,θini,Layer
1.0,0.381,1.0
2.0,0.33428303392193665,2.0
3.0,0.18361263602400288,3.0
4.0,0.17419499205712557,4.0
