iZ,θini
1.0,0.30108665466308593
2.0,0.22687129850602544
3.0,0.17933202261657324
4.0,0.12482941057838873
