iZ,θini,Layer
1.0,0.30108665466308593,1.0
2.0,0.22687129850602544,2.0
3.0,0.17933202261657324,3.0
4.0,0.12482941057838873,4.0
