iZ,θini
1.0,0.39099998474121095
2.0,0.24779530810693254
3.0,0.16085099155732313
4.0,0.11242444784078229
