iZ,θini,Layer
1.0,0.39099998474121095,1.0
2.0,0.24779530810693254,2.0
3.0,0.16085099155732313,3.0
4.0,0.11242444784078229,4.0
