iZ,Z,θini,Layer
1,95,0.5120000076293946,1
2,345,0.47612029783251186,2
3,995,0.10449841759059945,3
4,1500,0.5332999500277618,4
