iZ,Z,θini,Layer
1,95,0.32599998474121095,1
2,345,0.3298025415162307,2
3,995,0.1006111522036706,3
4,1500,0.40387450567326555,4
