iZ,θini,Layer
1.0,0.32599998474121095,1.0
2.0,0.3298025415162307,2.0
3.0,0.1006111522036706,3.0
4.0,0.40387450567326555,4.0
