iZ,θini
1.0,0.2739999961853027
2.0,0.2062080894215125
3.0,0.15350722236406622
4.0,0.13146211339483438
