iZ,Z,θini,Layer
1,100,0.27399999618530274,1
2,350,0.22827166890838074,2
3,1000,0.2112856497951368,3
4,1500,0.21208347655560175,4
