iZ,Z,θini,Layer
1,100,0.24,1
2,350,0.20104769859324673,2
3,1000,0.187800554532419,3
4,1500,0.18986830480431136,4
