iZ,θini,Layer
1.0,0.27399999618530274,1.0
2.0,0.22827166890838074,2.0
3.0,0.2112856497951368,3.0
4.0,0.21208347655560175,4.0
