Id,θs,θr,Ks,Ψm,σ,θsMacMat_ƞ,σMac,ΨmMac,So,θsMacMat,Φ,θs_Min,θr_Min,Ks_Min,Ψm_Min,σ_Min,θsMacMat_ƞ_Min,σMac_Min,ΨmMac_Min,So_Min,θsMacMat_Min,Φ_Min,θs_Max,θr_Max,Ks_Max,Ψm_Max,σ_Max,θsMacMat_ƞ_Max,σMac_Max,ΨmMac_Max,So_Max,θsMacMat_Max,Φ_Max
1.0,0.562546689335168,0.08638802083095888,0.009346287731781366,42457.844716194166,2.1279626718213733,0.9638940906443657,0.7675,10.0,0.0,0.5422354295617203,0.0,0.464774546,0.0,5.5e-5,7.389056099,0.75,0.75,0.2,1.0,0.0,0.0,0.0,0.6,0.2,0.08,7.2e9,4.0,1.0,0.8,390.0,1.0e-5,0.0,0.0
2.0,0.562546689335168,0.08638802083095888,0.009346287731781366,42457.844716194166,2.1279626718213733,0.9638940906443657,0.7675,10.0,0.0,0.5422354295617203,0.0,0.446185924,0.0,5.5e-5,7.389056099,0.75,0.75,0.2,1.0,0.0,0.0,0.0,0.6,0.2,0.08,7.2e9,4.0,1.0,0.8,390.0,1.0e-5,0.0,0.0
3.0,0.562546689335168,0.08638802083095888,0.009346287731781366,42457.844716194166,2.1279626718213733,0.9638940906443657,0.7675,10.0,0.0,0.5422354295617203,0.0,0.52154857,0.0,5.5e-5,7.389056099,0.75,0.75,0.2,1.0,0.0,0.0,0.0,0.6,0.2,0.08,7.2e9,4.0,1.0,0.8,390.0,1.0e-5,0.0,0.0
4.0,0.562546689335168,0.08638802083095888,0.009346287731781366,42457.844716194166,2.1279626718213733,0.9638940906443657,0.7675,10.0,0.0,0.5422354295617203,0.0,0.472132445,0.0,5.5e-5,7.389056099,0.75,0.8,0.2,1.0,0.0,0.0,0.0,0.6,0.2,0.08,7.2e9,4.0,1.0,0.8,390.0,1.0e-5,0.0,0.0
5.0,0.562546689335168,0.08638802083095888,0.009346287731781366,42457.844716194166,2.1279626718213733,0.9638940906443657,0.7675,10.0,0.0,0.5422354295617203,0.0,0.47501296,0.0,5.5e-5,7.389056099,0.75,0.8,0.2,1.0,0.0,0.0,0.0,0.6,0.2,0.08,7.2e9,4.0,1.0,0.8,390.0,1.0e-5,0.0,0.0
