iZ,θini,Layer
1.0,0.3220000076293945,1.0
2.0,0.3099943677869955,2.0
3.0,0.19282423735771345,3.0
4.0,0.12034394931792852,4.0
