iZ,θini
1.0,0.3220000076293945
2.0,0.3099943677869955
3.0,0.19282423735771345
4.0,0.12034394931792852
