iZ,Z,θini,Layer
1,100,0.22299999237060547,1
2,350,0.25615397951936114,2
3,1000,0.2433847009925119,3
4,1500,0.07829266280532526,4
