iZ,Z,θini,Layer
1,100,0.12899999618530272,1
2,350,0.19603456731326688,2
3,1000,0.20257471099961152,3
4,1500,0.023278690505410825,4
