iZ,Z,θini,Layer
1,100,0.3290000152587891,1
2,350,0.32394822769473,2
3,1000,0.2894044887464006,3
4,1500,0.14032971131185065,4
