iZ,θini,Layer
1.0,0.12899999618530272,1.0
2.0,0.19603456731326688,2.0
3.0,0.20257471099961152,3.0
4.0,0.023278690505410825,4.0
