iZ,θini,Layer
1.0,0.3290000152587891,1.0
2.0,0.32394822769473,2.0
3.0,0.2894044887464006,3.0
4.0,0.14032971131185065,4.0
