Id,θs,θr,Ks,Ψm,σ,θsMacMat_ƞ,σMac,ΨmMac,So,θsMacMat,Φ,Nse,Nse_θΨ,Nse_KΨ
1.0,0.48392224696003916,0.17947216537725527,0.005824734221047523,60625.65699601284,2.48358146193915,0.8107634788170226,0.7675,10.0,0.0,0.3923464844222717,0.0,0.0,0.0,0.0
2.0,0.48392224696003916,0.17947216537725527,0.005824734221047523,60625.65699601284,2.48358146193915,0.8107634788170226,0.7675,10.0,0.0,0.3923464844222717,0.0,0.0,0.0,0.0
3.0,0.48392224696003916,0.17947216537725527,0.005824734221047523,60625.65699601284,2.48358146193915,0.8107634788170226,0.7675,10.0,0.0,0.3923464844222717,0.0,0.0,0.0,0.0
4.0,0.48392224696003916,0.17947216537725527,0.005824734221047523,60625.65699601284,2.48358146193915,0.8107634788170226,0.7675,10.0,0.0,0.3923464844222717,0.0,0.0,0.0,0.0
5.0,0.48392224696003916,0.17947216537725527,0.005824734221047523,60625.65699601284,2.48358146193915,0.8107634788170226,0.7675,10.0,0.0,0.3923464844222717,0.0,0.0,0.0,0.0
