iZ,θini
1.0,0.3290000152587891
2.0,0.3052117288679016
3.0,0.14737611966524403
4.0,0.11599251749760836
