iZ,Z,θini,Layer
1,100,0.455,1
2,350,0.440900786749716,2
3,1000,0.2738526010989496,3
4,1500,0.1633169326818634,4
