iZ,θini,Layer
1.0,0.4699999999999999,1.0
2.0,0.4495959148552513,2.0
3.0,0.27925433521638326,3.0
4.0,0.16808249533455163,4.0
