iZ,Z,θini,Layer
1,100,0.4699999999999999,1
2,350,0.4495959148552513,2
3,1000,0.27925433521638326,3
4,1500,0.16808249533455163,4
