iZ,θini,Layer
1.0,0.24,1.0
2.0,0.23896186517471835,2.0
3.0,0.20960843783086008,3.0
4.0,0.09147185477906836,4.0
