iZ,Z,θini,Layer
1,100,0.24,1
2,350,0.23896186517471835,2
3,1000,0.20960843783086008,3
4,1500,0.09147185477906836,4
