iZ,Z,θini,Layer
1,100,0.3089999961853027,1
2,350,0.2990230806949775,2
3,1000,0.2764118558517048,3
4,1500,0.12879483187985205,4
