iZ,θini,Layer
1.0,0.3089999961853027,1.0
2.0,0.2990230806949775,2.0
3.0,0.2764118558517048,3.0
4.0,0.12879483187985205,4.0
