iZ,θini
1.0,0.3089999961853027
2.0,0.2990230806949775
3.0,0.2764118558517048
4.0,0.12879483187985205
