iZ,θini
1.0,0.317
2.0,0.2351625765287476
3.0,0.1724551801263416
4.0,0.1455294050433243
