Id,θs,θr,Ks,Ψm,σ,θsMacMat_ƞ,σMac,ΨmMac,So,θsMacMat,Φ,Nse,Nse_θΨ,Nse_KΨ
1.0,0.5835348785580728,0.16198276150472662,0.00047270018626201444,34794.09239556919,2.3104375870727782,0.7600488482806087,0.7675,10.0,0.0,0.44351501237962815,0.0,0.0,0.0,0.0
2.0,0.5965564703794659,0.11661506268351979,0.008228308459964584,16987.58908231875,2.0103679467243367,0.8643694020659147,0.7675,10.0,0.0,0.5156451596004515,0.0,0.0,0.0,0.0
3.0,0.576999255592727,0.13179382393235833,0.00026575602499838663,36842.68073571786,2.1002918701730873,0.8353231624496344,0.7675,10.0,0.0,0.4819808429128017,0.0,0.0,0.0,0.0
4.0,0.47314775481038773,0.19970974546040104,0.021052971972718697,187923.17480169545,3.213790488058218,0.9918323331543633,0.7675,10.0,0.0,0.46928324158033546,0.0,0.0,0.0,0.0
5.0,0.5430309094248604,0.15322319618108482,0.00043404002411057374,29229.62944805669,2.2425689349101514,0.934947194774717,0.7675,10.0,0.0,0.5077052254427367,0.0,0.0,0.0,0.0
