Id,WofBest,RmseBest,Efficiency,Global_WaterBalance,Global_WaterBalance_NormPr,ΔT_Average,∑∑ΔSink,∑ΔQ_Bot,SwcRoots,iNonConverge,ΔRunTimeHypix
1.0,0.0,0.008383764427171328,298.0,-4.156586610671752,-1.1946419992398736,3586.0,336.0759357915846,18.827391239652766,346.6826038832839,355.0,47.526
