iZ,Z,θini,Layer
1,100,0.43299999999999994,1
2,350,0.33025,2
3,1000,0.25975,3
4,1500,0.22145,4
