iZ,Z,θini,Layer
1,100,0.317,1
2,350,0.2351625765287476,2
3,1000,0.1724551801263416,3
4,1500,0.1455294050433243,4
