iZ,θini,Layer
1.0,0.317,1.0
2.0,0.2351625765287476,2.0
3.0,0.1724551801263416,3.0
4.0,0.1455294050433243,4.0
