iZ,θini,Layer
1.0,0.43299999999999994,1.0
2.0,0.33025,2.0
3.0,0.25975,3.0
4.0,0.22145,4.0
