iZ,θini,Layer
1.0,0.3390000152587891,1.0
2.0,0.3356315980265234,2.0
3.0,0.4391137264499867,3.0
