iZ,Z,θini,Layer
1,100,0.3390000152587891,1
2,350,0.3356315980265234,2
3,1500,0.4391137264499867,3
