iZ,θini,Layer
1.0,0.4909999847412109,1.0
2.0,0.45380917624250505,2.0
3.0,0.5963288144935142,3.0
