iZ,Z,θini,Layer
1,100,0.4909999847412109,1
2,350,0.45380917624250505,2
3,1500,0.5963288144935142,3
