iZ,θini
1.0,0.3529999923706055
2.0,0.3771710100373866
3.0,0.3577345279220912
4.0,0.29758234346915274
