Id,WofBest,RmseBest,Efficiency,Global_WaterBalance,Global_WaterBalance_NormPr,ΔT_Average,∑∑ΔSink,∑ΔQ_Bot,SwcRoots,iNonConverge,ΔRunTimeHypix
1.0,0.0,0.08137795262402374,581.0,1.766892694357125,0.3339949251048688,1951.0,346.18894203486184,127.00723443149852,294.9742764574006,107.0,90.286
