iZ,θini,Layer
1.0,0.455,1.0
2.0,0.440900786749716,2.0
3.0,0.2738526010989496,3.0
4.0,0.1633169326818634,4.0
