iZ,θini
1.0,0.455
2.0,0.440900786749716
3.0,0.2738526010989496
4.0,0.1633169326818634
