iZ,θini
1.0,0.32599998474121095
2.0,0.3048373741776278
3.0,0.2806923352208438
