iZ,θini
1.0,0.3320000076293945
2.0,0.31053365234599295
3.0,0.2126701845797031
4.0,0.24252050498135244
