iZ,Z,θini,Layer
1,100,0.30108665466308593,1
2,350,0.22687129850602544,2
3,1000,0.17933202261657324,3
4,1500,0.12482941057838873,4
