iZ,θini
1.0,0.05
2.0,0.19416868095253675
3.0,0.06491591655716156
4.0,0.027530619336128576
