Id,θs,θr,Ks,Ψm,σ,θsMacMat_ƞ,σMac,ΨmMac,So,θsMacMat,Φ,Nse,Nse_θΨ,Nse_KΨ
1.0,0.5302583523717765,0.0825237237278357,2.6421035378131028e-5,21406.705102599408,1.8178545970073985,0.8842783879898064,0.7675,10.0,0.0,0.4688960010534453,0.0,0.0,0.0,0.0
2.0,0.5843270183816898,0.07663101956355395,0.001758972250077028,11956.862295135155,1.7840539115430205,0.9995862889552806,0.7675,10.0,0.0,0.5840852758404573,0.0,0.0,0.0,0.0
3.0,0.5843270183816898,0.07663101956355395,0.001758972250077028,11956.862295135155,1.7840539115430205,0.9995862889552806,0.7675,10.0,0.0,0.5840852758404573,0.0,0.0,0.0,0.0
4.0,0.5301330157772309,0.1965813144348691,2.579842338123325e-5,476882.32812382164,2.8538610680416765,0.8060625783256571,0.7675,10.0,0.0,0.427320385552951,0.0,0.0,0.0,0.0
5.0,0.5301330157772309,0.1965813144348691,2.579842338123325e-5,476882.32812382164,2.8538610680416765,0.8060625783256571,0.7675,10.0,0.0,0.427320385552951,0.0,0.0,0.0,0.0
