iZ,Z,θini,Layer
1,100,0.27399999618530274,1
2,350,0.2062080894215125,2
3,1000,0.15350722236406622,3
4,1500,0.13146211339483438,4
