iZ,θini,Layer
1.0,0.27399999618530274,1.0
2.0,0.2062080894215125,2.0
3.0,0.15350722236406622,3.0
4.0,0.13146211339483438,4.0
