iZ,Z,θini,Layer
1,100,0.390925,1
2,350,0.2859,2
3,1000,0.2197,3
4,1500,0.193925,4
