iZ,θini,Layer
1.0,0.390925,1.0
2.0,0.2859,2.0
3.0,0.2197,3.0
4.0,0.193925,4.0
