iZ,Z,θini,Layer
1,100,0.492,1
2,350,0.428375,2
3,1000,0.306425,3
4,1500,0.3488,4
