iZ,θini,Layer
1.0,0.492,1.0
2.0,0.428375,2.0
3.0,0.306425,3.0
4.0,0.3488,4.0
