iZ,Z,θini,Layer
1,100,0.3320000076293945,1
2,350,0.31053365234599295,2
3,1000,0.2126701845797031,3
4,1500,0.24252050498135244,4
