iZ,θini,Layer
1.0,0.3320000076293945,1.0
2.0,0.31053365234599295,2.0
3.0,0.2126701845797031,3.0
4.0,0.24252050498135244,4.0
