iZ,θini,Layer
1.0,0.5120000076293946,1.0
2.0,0.47612029783251186,2.0
3.0,0.10449841759059945,3.0
4.0,0.5332999500277618,4.0
