iZ,θini
1.0,0.5120000076293946
2.0,0.47612029783251186
3.0,0.10449841759059945
4.0,0.5332999500277618
