iZ,θini
1.0,0.381
2.0,0.26761283214123843
3.0,0.3163160809905305
