iZ,θini
1.0,0.3390000152587891
2.0,0.16664825717864015
3.0,0.10336855886140651
