iZ,Z,θini,Layer
1,100,0.155,1
2,350,0.1827553452620952,2
3,1000,0.18404822643673183,3
4,1500,0.07021112680043849,4
