iZ,θini,Layer
1.0,0.4640000152587891,1.0
2.0,0.4140775438467394,2.0
3.0,0.42104850671830696,3.0
4.0,0.19469061738208138,4.0
