iZ,Z,θini,Layer
1,100,0.4640000152587891,1
2,350,0.4140775438467394,2
3,1000,0.42104850671830696,3
4,1500,0.19469061738208138,4
