Id,WofBest,RmseBest,Efficiency,Global_WaterBalance,Global_WaterBalance_NormPr,ΔT_Average,∑∑ΔSink,∑ΔQ_Bot,SwcRoots,iNonConverge,ΔRunTimeHypix
1.0,0.0,0.011257101507175016,255.0,0.17631419918899383,0.046236276291226494,3579.0,372.2815867815447,11.449136316335249,333.1368870129358,0.0,38.454
