iZ,Z,θini,Layer
1,100,0.3320000076293945,1
2,350,0.3092216615801587,2
3,1000,0.2708741858283983,3
4,1500,0.12575418034398095,4
