iZ,θini,Layer
1.0,0.3320000076293945,1.0
2.0,0.3092216615801587,2.0
3.0,0.2708741858283983,3.0
4.0,0.12575418034398095,4.0
