iZ,θini
1.0,0.48700000762939455
2.0,0.4173886376391734
3.0,0.4098670080704616
4.0,0.4502513899636419
