iZ,θini,Layer
1.0,0.155,1.0
2.0,0.11782788659199,2.0
3.0,0.12996591221483034,3.0
