iZ,Z,θini,Layer
1,100,0.381,1
2,350,0.26761283214123843,2
3,1500,0.3163160809905305,3
