iZ,θini,Layer
1.0,0.381,1.0
2.0,0.26761283214123843,2.0
3.0,0.3163160809905305,3.0
