iZ,Z,θini,Layer
1,100,0.155,1
2,350,0.11782788659199,2
3,1500,0.12996591221483034,3
