iZ,Z,θini,Layer
1,100,0.48700000762939455,1
2,350,0.4173886376391734,2
3,1000,0.4098670080704616,3
4,1500,0.4502513899636419,4
