iZ,θini,Layer
1.0,0.48700000762939455,1.0
2.0,0.4173886376391734,2.0
3.0,0.4098670080704616,3.0
4.0,0.4502513899636419,4.0
