iZ,θini,Layer
1.0,0.23399999618530273,1.0
2.0,0.2505427791621045,2.0
3.0,0.29211426465972823,3.0
4.0,0.32024398906301277,4.0
