iZ,Z,θini,Layer
1,100,0.23399999618530273,1
2,350,0.2505427791621045,2
3,1000,0.29211426465972823,3
4,1500,0.32024398906301277,4
