Id,SoilName,Depth,IsTopsoil,RockFragment,ThetaS_Kg[mm3 mm-3],ThetaR_Kg[mm3 mm-3],Ks_Kg[mm s-1],Hm_Kg[mm],Sigma_Kg,SigmaMac_Kg,HmMac_Kg[mm],ThetaSMacMat_Kg[mm3 mm-3],0mm,500mm,1000mm,2000mm,3300mm,4000mm,10000mm,150000mm
12112828000671021,Barr_67a.2,100.0,1,0.0,0.483,0.083615055157044,0.1650270305582695,12692.79287468156,2.3820681752734854,0.7675,10.0,0.4303037797739759,0.483,0.4000457323711703,0.3807110542540643,0.35439646764584437,0.3311992720535204,0.32147029036554065,0.2707811017785073,0.13559323763685832
12112828000671022,Barr_67a.2,350.0,0,0.0,0.424,0.12086669984228453,0.25465353322705747,4060.613443794216,2.0021680765023344,0.7675,10.0,0.341686081479822,0.424,0.30902178102930716,0.288172644997119,0.26169725189630183,0.24029046121433972,0.2318517338765913,0.19293910765652666,0.1293170536366467
12112828000671023,Barr_67a.2,1000.0,0,0.0,0.43,0.050181774603614934,0.3374800088494887,1414.2618787685494,1.6505926467718721,0.7675,10.0,0.3225000000007834,0.43,0.2494611094447774,0.20775500488499324,0.16280585736527164,0.132673081620436,0.1222441057947831,0.08417865823662764,0.055514779645216276
14112432210571021,Danvk_57a.2,100.0,1,0.075,0.5735,0.1416932231942279,0.014736315851089088,21788.98787857572,2.562191626801907,0.7675,10.0,0.5407106632485338,0.5735,0.5126389441919483,0.4950004396271296,0.47062787211353296,0.4486723881056291,0.4393130992070207,0.38885394000035867,0.2317661227024914
14112432210571022,Danvk_57a.2,350.0,0,0.125,0.60375,0.17499999997750953,0.37701746924459684,16399.232474299915,2.4674682397764,0.7675,10.0,0.4845336156626886,0.60375,0.46020443250698345,0.44476711386342616,0.423584966183669,0.4046994382184904,0.3967116553553066,0.35435694057169215,0.2322174787642177
14112432210571023,Danvk_57a.2,1000.0,0,0.0,0.683,0.08269507771544078,0.2573970489344439,114541.41773975374,3.1153688847679852,0.7675,10.0,0.6103482452562579,0.683,0.5889494716365903,0.5765623027168599,0.5592077362552802,0.5431018245501767,0.5360633820701609,0.4958972807582702,0.32832176331994933
