iZ,θini
1.0,0.24
2.0,0.20104769859324673
3.0,0.187800554532419
4.0,0.18986830480431136
