iZ,θini,Layer
1.0,0.24,1.0
2.0,0.20104769859324673,2.0
3.0,0.187800554532419,3.0
4.0,0.18986830480431136,4.0
