iZ,Z,θini,Layer
1,100,0.35700000762939454,1
2,350,0.3887842844043663,2
3,1500,0.3820161015719218,3
