iZ,θini,Layer
1.0,0.39099998474121095,1.0
2.0,0.42254331289230035,2.0
3.0,0.42928375061674157,3.0
