iZ,Z,θini,Layer
1,100,0.39099998474121095,1
2,350,0.42254331289230035,2
3,1500,0.42928375061674157,3
