iZ,θini
1.0,0.4909999847412109
2.0,0.45380917624250505
3.0,0.5963288144935142
