iZ,Z,θini,Layer
1,100,0.3529999923706055,1
2,350,0.17521808167284927,2
3,1500,0.1086090141777126,3
