iZ,θini,Layer
1.0,0.3529999923706055,1.0
2.0,0.17521808167284927,2.0
3.0,0.1086090141777126,3.0
