iZ,θini,Layer
1.0,0.3390000152587891,1.0
2.0,0.16664825717864015,2.0
3.0,0.10336855886140651,3.0
