iZ,Z,θini,Layer
1,100,0.3390000152587891,1
2,350,0.16664825717864015,2
3,1500,0.10336855886140651,3
