iZ,θini,Layer
1.0,0.3529999923706055,1.0
2.0,0.3771710100373866,2.0
3.0,0.3577345279220912,3.0
4.0,0.29758234346915274,4.0
