iZ,Z,θini,Layer
1,100,0.30108665466308593,1
2,350,0.32009922054891304,2
3,1000,0.30692377863037895,3
4,1500,0.23693648102578582,4
