iZ,θini,Layer
1.0,0.30108665466308593,1.0
2.0,0.32009922054891304,2.0
3.0,0.30692377863037895,3.0
4.0,0.23693648102578582,4.0
