iZ,Z,θini,Layer
1,100,0.3529999923706055,1
2,350,0.3771710100373866,2
3,1000,0.3577345279220912,3
4,1500,0.29758234346915274,4
