iZ,θini,Layer
1.0,0.22299999237060547,1.0
2.0,0.2886022881943289,2.0
3.0,0.11691981793312897,3.0
4.0,0.08437899495773046,4.0
