iZ,Z,θini,Layer
1,100,0.05,1
2,350,0.19416868095253675,2
3,1000,0.06491591655716156,3
4,1500,0.027530619336128576,4
