iZ,θini,Layer
1.0,0.05,1.0
2.0,0.19416868095253675,2.0
3.0,0.06491591655716156,3.0
4.0,0.027530619336128576,4.0
