iZ,Z,θini,Layer
1,100,0.22299999237060547,1
2,350,0.2886022881943289,2
3,1000,0.11691981793312897,3
4,1500,0.08437899495773046,4
