Id,θs,θr,Ks,Ψm,σ,θsMacMat_ƞ,σMac,ΨmMac,So,θsMacMat,Φ,Nse,Nse_θΨ,Nse_KΨ
1.0,0.5118124427188463,0.12681671878894427,0.016861584405868248,45851.72269939553,2.0701562791680974,0.7839061848978195,0.7675,10.0,0.0,0.40121293935496455,0.0,0.0,0.0,0.0
2.0,0.4893011494776856,0.19786029598985558,0.06476412022283073,217671.10625328182,2.931703353968149,0.791583302926096,0.7675,10.0,0.0,0.3873226200290818,0.0,0.0,0.0,0.0
3.0,0.4855662262264074,0.19876321326071048,0.009800967851412901,478830.90922719234,3.016233494683014,0.7730119852605296,0.7675,10.0,0.0,0.3753485125107386,0.0,0.0,0.0,0.0
4.0,0.4925791672259668,0.1798082424984094,0.004133346053736016,37379.93253150047,2.487761463026231,0.8274286783347995,0.7675,10.0,0.0,0.4075741293130379,0.0,0.0,0.0,0.0
5.0,0.5286241642645074,0.19871173327333286,0.019127834718451642,118817.4300435817,3.0101601260021047,0.8370650905307639,0.7675,10.0,0.0,0.4424928339168193,0.0,0.0,0.0,0.0
