iZ,θini,Layer
1.0,0.65,1.0
2.0,0.6176840626741875,2.0
3.0,0.16871929242115102,3.0
