iZ,θini
1.0,0.65
2.0,0.6176840626741875
3.0,0.16871929242115102
