iZ,θini,Layer
1.0,0.47,1.0
2.0,0.4100773055816224,2.0
3.0,0.22006579518772854,3.0
4.0,0.21230514455145397,4.0
