iZ,θini
1.0,0.47
2.0,0.4100773055816224
3.0,0.22006579518772854
4.0,0.21230514455145397
